[
    {
        "id": 1,
        "name": "Veggie Burger",
        "ingredients": "Guacamole,Tomatoes,Onions,Quinoa,Beetroot Pesto",
        "imageName": "veggie_burger",
        "thumbnailName": "thumbnail_veggie_burger",
        "type": "vegetarian"
    },
    {
        "id": 2,
        "name": "Southwestern Burger",
        "ingredients": "Spare Ribs,Cheese,Pickles,Bacon,Honey Mustard Sauce,Onions",
        "imageName": "sw_burger",
        "thumbnailName": "thumbnail_sw_burger",
        "type": "meat"
    },
    {
        "id": 3,
        "name": "Sir Camembert",
        "ingredients": "Camembert,Bacon,Tomatoes,Cucumber,Bacon,BBQ Sauce,Cheddar Cheese",
        "imageName": "sir_camembert_burger",
        "thumbnailName": "thumbnail_sir_camembert_burger",
        "type": "meat"
    },
    {
        "id": 4,
        "name": "Austrian Pretzel Burger",
        "ingredients": "Pretzel Bun,Pickles,Scrambled Eggs,Parsley,Roasted Onions",
        "imageName": "austrian_pretzel_burger",
        "thumbnailName": "thumbnail_austrian_pretzel_burger",
        "type": "meat"
    },
    {
        "id": 5,
        "name": "Swiss Doubledecker Burger",
        "ingredients": "Swiss Cheese,Pickles,Lettuce,Mayonnaise,Hash Brown,Cucumber",
        "imageName": "double_decker_burger",
        "thumbnailName": "thumbnail_double_decker_burger",
        "type": "meat"
    }
]
